20200101,2020-01-01,Wednesday,January,Jan,1,1,2020
20200102,2020-01-02,Thursday,January,Jan,1,1,2020
20200103,2020-01-03,Friday,January,Jan,1,1,2020
20200104,2020-01-04,Saturday,January,Jan,1,1,2020
20200105,2020-01-05,Sunday,January,Jan,1,1,2020
20200106,2020-01-06,Monday,January,Jan,1,1,2020
20200107,2020-01-07,Tuesday,January,Jan,1,1,2020
20200108,2020-01-08,Wednesday,January,Jan,1,1,2020
20200109,2020-01-09,Thursday,January,Jan,1,1,2020
20200110,2020-01-10,Friday,January,Jan,1,1,2020
20200111,2020-01-11,Saturday,January,Jan,1,1,2020
20200112,2020-01-12,Sunday,January,Jan,1,1,2020
20200113,2020-01-13,Monday,January,Jan,1,1,2020
20200114,2020-01-14,Tuesday,January,Jan,1,1,2020
20200115,2020-01-15,Wednesday,January,Jan,1,1,2020
20200116,2020-01-16,Thursday,January,Jan,1,1,2020
20200117,2020-01-17,Friday,January,Jan,1,1,2020
20200118,2020-01-18,Saturday,January,Jan,1,1,2020
20200119,2020-01-19,Sunday,January,Jan,1,1,2020
20200120,2020-01-20,Monday,January,Jan,1,1,2020
20200121,2020-01-21,Tuesday,January,Jan,1,1,2020
20200122,2020-01-22,Wednesday,January,Jan,1,1,2020
20200123,2020-01-23,Thursday,January,Jan,1,1,2020
20200124,2020-01-24,Friday,January,Jan,1,1,2020
20200125,2020-01-25,Saturday,January,Jan,1,1,2020
20200126,2020-01-26,Sunday,January,Jan,1,1,2020
20200127,2020-01-27,Monday,January,Jan,1,1,2020
20200128,2020-01-28,Tuesday,January,Jan,1,1,2020
20200129,2020-01-29,Wednesday,January,Jan,1,1,2020
20200130,2020-01-30,Thursday,January,Jan,1,1,2020
20200131,2020-01-31,Friday,January,Jan,1,1,2020
20200201,2020-02-01,Saturday,February,Feb,2,1,2020
20200202,2020-02-02,Sunday,February,Feb,2,1,2020
20200203,2020-02-03,Monday,February,Feb,2,1,2020
20200204,2020-02-04,Tuesday,February,Feb,2,1,2020
20200205,2020-02-05,Wednesday,February,Feb,2,1,2020
20200206,2020-02-06,Thursday,February,Feb,2,1,2020
20200207,2020-02-07,Friday,February,Feb,2,1,2020
20200208,2020-02-08,Saturday,February,Feb,2,1,2020
20200209,2020-02-09,Sunday,February,Feb,2,1,2020
20200210,2020-02-10,Monday,February,Feb,2,1,2020
20200211,2020-02-11,Tuesday,February,Feb,2,1,2020
20200212,2020-02-12,Wednesday,February,Feb,2,1,2020
20200213,2020-02-13,Thursday,February,Feb,2,1,2020
20200214,2020-02-14,Friday,February,Feb,2,1,2020
20200215,2020-02-15,Saturday,February,Feb,2,1,2020
20200216,2020-02-16,Sunday,February,Feb,2,1,2020
20200217,2020-02-17,Monday,February,Feb,2,1,2020
20200218,2020-02-18,Tuesday,February,Feb,2,1,2020
20200219,2020-02-19,Wednesday,February,Feb,2,1,2020
20200220,2020-02-20,Thursday,February,Feb,2,1,2020
20200221,2020-02-21,Friday,February,Feb,2,1,2020
20200222,2020-02-22,Saturday,February,Feb,2,1,2020
20200223,2020-02-23,Sunday,February,Feb,2,1,2020
20200224,2020-02-24,Monday,February,Feb,2,1,2020
20200225,2020-02-25,Tuesday,February,Feb,2,1,2020
20200226,2020-02-26,Wednesday,February,Feb,2,1,2020
20200227,2020-02-27,Thursday,February,Feb,2,1,2020
20200228,2020-02-28,Friday,February,Feb,2,1,2020
20200229,2020-02-29,Saturday,February,Feb,2,1,2020
20200301,2020-03-01,Sunday,March,Mar,3,1,2020
20200302,2020-03-02,Monday,March,Mar,3,1,2020
20200303,2020-03-03,Tuesday,March,Mar,3,1,2020
20200304,2020-03-04,Wednesday,March,Mar,3,1,2020
20200305,2020-03-05,Thursday,March,Mar,3,1,2020
20200306,2020-03-06,Friday,March,Mar,3,1,2020
20200307,2020-03-07,Saturday,March,Mar,3,1,2020
20200308,2020-03-08,Sunday,March,Mar,3,1,2020
20200309,2020-03-09,Monday,March,Mar,3,1,2020
20200310,2020-03-10,Tuesday,March,Mar,3,1,2020
20200311,2020-03-11,Wednesday,March,Mar,3,1,2020
20200312,2020-03-12,Thursday,March,Mar,3,1,2020
20200313,2020-03-13,Friday,March,Mar,3,1,2020
20200314,2020-03-14,Saturday,March,Mar,3,1,2020
20200315,2020-03-15,Sunday,March,Mar,3,1,2020
20200316,2020-03-16,Monday,March,Mar,3,1,2020
20200317,2020-03-17,Tuesday,March,Mar,3,1,2020
20200318,2020-03-18,Wednesday,March,Mar,3,1,2020
20200319,2020-03-19,Thursday,March,Mar,3,1,2020
20200320,2020-03-20,Friday,March,Mar,3,1,2020
20200321,2020-03-21,Saturday,March,Mar,3,1,2020
20200322,2020-03-22,Sunday,March,Mar,3,1,2020
20200323,2020-03-23,Monday,March,Mar,3,1,2020
20200324,2020-03-24,Tuesday,March,Mar,3,1,2020
20200325,2020-03-25,Wednesday,March,Mar,3,1,2020
20200326,2020-03-26,Thursday,March,Mar,3,1,2020
20200327,2020-03-27,Friday,March,Mar,3,1,2020
20200328,2020-03-28,Saturday,March,Mar,3,1,2020
20200329,2020-03-29,Sunday,March,Mar,3,1,2020
20200330,2020-03-30,Monday,March,Mar,3,1,2020
20200331,2020-03-31,Tuesday,March,Mar,3,1,2020
20200401,2020-04-01,Wednesday,April,Apr,4,2,2020
20200402,2020-04-02,Thursday,April,Apr,4,2,2020
20200403,2020-04-03,Friday,April,Apr,4,2,2020
20200404,2020-04-04,Saturday,April,Apr,4,2,2020
20200405,2020-04-05,Sunday,April,Apr,4,2,2020
20200406,2020-04-06,Monday,April,Apr,4,2,2020
20200407,2020-04-07,Tuesday,April,Apr,4,2,2020
20200408,2020-04-08,Wednesday,April,Apr,4,2,2020
20200409,2020-04-09,Thursday,April,Apr,4,2,2020
20200410,2020-04-10,Friday,April,Apr,4,2,2020
20200411,2020-04-11,Saturday,April,Apr,4,2,2020
20200412,2020-04-12,Sunday,April,Apr,4,2,2020
20200413,2020-04-13,Monday,April,Apr,4,2,2020
20200414,2020-04-14,Tuesday,April,Apr,4,2,2020
20200415,2020-04-15,Wednesday,April,Apr,4,2,2020
20200416,2020-04-16,Thursday,April,Apr,4,2,2020
20200417,2020-04-17,Friday,April,Apr,4,2,2020
20200418,2020-04-18,Saturday,April,Apr,4,2,2020
20200419,2020-04-19,Sunday,April,Apr,4,2,2020
20200420,2020-04-20,Monday,April,Apr,4,2,2020
20200421,2020-04-21,Tuesday,April,Apr,4,2,2020
20200422,2020-04-22,Wednesday,April,Apr,4,2,2020
20200423,2020-04-23,Thursday,April,Apr,4,2,2020
20200424,2020-04-24,Friday,April,Apr,4,2,2020
20200425,2020-04-25,Saturday,April,Apr,4,2,2020
20200426,2020-04-26,Sunday,April,Apr,4,2,2020
20200427,2020-04-27,Monday,April,Apr,4,2,2020
20200428,2020-04-28,Tuesday,April,Apr,4,2,2020
20200429,2020-04-29,Wednesday,April,Apr,4,2,2020
20200430,2020-04-30,Thursday,April,Apr,4,2,2020
20200501,2020-05-01,Friday,May,May,5,2,2020
20200502,2020-05-02,Saturday,May,May,5,2,2020
20200503,2020-05-03,Sunday,May,May,5,2,2020
20200504,2020-05-04,Monday,May,May,5,2,2020
20200505,2020-05-05,Tuesday,May,May,5,2,2020
20200506,2020-05-06,Wednesday,May,May,5,2,2020
20200507,2020-05-07,Thursday,May,May,5,2,2020
20200508,2020-05-08,Friday,May,May,5,2,2020
20200509,2020-05-09,Saturday,May,May,5,2,2020
20200510,2020-05-10,Sunday,May,May,5,2,2020
20200511,2020-05-11,Monday,May,May,5,2,2020
20200512,2020-05-12,Tuesday,May,May,5,2,2020
20200513,2020-05-13,Wednesday,May,May,5,2,2020
20200514,2020-05-14,Thursday,May,May,5,2,2020
20200515,2020-05-15,Friday,May,May,5,2,2020
20200516,2020-05-16,Saturday,May,May,5,2,2020
20200517,2020-05-17,Sunday,May,May,5,2,2020
20200518,2020-05-18,Monday,May,May,5,2,2020
20200519,2020-05-19,Tuesday,May,May,5,2,2020
20200520,2020-05-20,Wednesday,May,May,5,2,2020
20200521,2020-05-21,Thursday,May,May,5,2,2020
20200522,2020-05-22,Friday,May,May,5,2,2020
20200523,2020-05-23,Saturday,May,May,5,2,2020
20200524,2020-05-24,Sunday,May,May,5,2,2020
20200525,2020-05-25,Monday,May,May,5,2,2020
20200526,2020-05-26,Tuesday,May,May,5,2,2020
20200527,2020-05-27,Wednesday,May,May,5,2,2020
20200528,2020-05-28,Thursday,May,May,5,2,2020
20200529,2020-05-29,Friday,May,May,5,2,2020
20200530,2020-05-30,Saturday,May,May,5,2,2020
20200531,2020-05-31,Sunday,May,May,5,2,2020
20200601,2020-06-01,Monday,June,Jun,6,2,2020
20200602,2020-06-02,Tuesday,June,Jun,6,2,2020
20200603,2020-06-03,Wednesday,June,Jun,6,2,2020
20200604,2020-06-04,Thursday,June,Jun,6,2,2020
20200605,2020-06-05,Friday,June,Jun,6,2,2020
20200606,2020-06-06,Saturday,June,Jun,6,2,2020
20200607,2020-06-07,Sunday,June,Jun,6,2,2020
20200608,2020-06-08,Monday,June,Jun,6,2,2020
20200609,2020-06-09,Tuesday,June,Jun,6,2,2020
20200610,2020-06-10,Wednesday,June,Jun,6,2,2020
20200611,2020-06-11,Thursday,June,Jun,6,2,2020
20200612,2020-06-12,Friday,June,Jun,6,2,2020
20200613,2020-06-13,Saturday,June,Jun,6,2,2020
20200614,2020-06-14,Sunday,June,Jun,6,2,2020
20200615,2020-06-15,Monday,June,Jun,6,2,2020
20200616,2020-06-16,Tuesday,June,Jun,6,2,2020
20200617,2020-06-17,Wednesday,June,Jun,6,2,2020
20200618,2020-06-18,Thursday,June,Jun,6,2,2020
20200619,2020-06-19,Friday,June,Jun,6,2,2020
20200620,2020-06-20,Saturday,June,Jun,6,2,2020
20200621,2020-06-21,Sunday,June,Jun,6,2,2020
20200622,2020-06-22,Monday,June,Jun,6,2,2020
20200623,2020-06-23,Tuesday,June,Jun,6,2,2020
20200624,2020-06-24,Wednesday,June,Jun,6,2,2020
20200625,2020-06-25,Thursday,June,Jun,6,2,2020
20200626,2020-06-26,Friday,June,Jun,6,2,2020
20200627,2020-06-27,Saturday,June,Jun,6,2,2020
20200628,2020-06-28,Sunday,June,Jun,6,2,2020
20200629,2020-06-29,Monday,June,Jun,6,2,2020
20200630,2020-06-30,Tuesday,June,Jun,6,2,2020
20200701,2020-07-01,Wednesday,July,Jul,7,3,2020
20200702,2020-07-02,Thursday,July,Jul,7,3,2020
20200703,2020-07-03,Friday,July,Jul,7,3,2020
20200704,2020-07-04,Saturday,July,Jul,7,3,2020
20200705,2020-07-05,Sunday,July,Jul,7,3,2020
20200706,2020-07-06,Monday,July,Jul,7,3,2020
20200707,2020-07-07,Tuesday,July,Jul,7,3,2020
20200708,2020-07-08,Wednesday,July,Jul,7,3,2020
20200709,2020-07-09,Thursday,July,Jul,7,3,2020
20200710,2020-07-10,Friday,July,Jul,7,3,2020
20200711,2020-07-11,Saturday,July,Jul,7,3,2020
20200712,2020-07-12,Sunday,July,Jul,7,3,2020
20200713,2020-07-13,Monday,July,Jul,7,3,2020
20200714,2020-07-14,Tuesday,July,Jul,7,3,2020
20200715,2020-07-15,Wednesday,July,Jul,7,3,2020
20200716,2020-07-16,Thursday,July,Jul,7,3,2020
20200717,2020-07-17,Friday,July,Jul,7,3,2020
20200718,2020-07-18,Saturday,July,Jul,7,3,2020
20200719,2020-07-19,Sunday,July,Jul,7,3,2020
20200720,2020-07-20,Monday,July,Jul,7,3,2020
20200721,2020-07-21,Tuesday,July,Jul,7,3,2020
20200722,2020-07-22,Wednesday,July,Jul,7,3,2020
20200723,2020-07-23,Thursday,July,Jul,7,3,2020
20200724,2020-07-24,Friday,July,Jul,7,3,2020
20200725,2020-07-25,Saturday,July,Jul,7,3,2020
20200726,2020-07-26,Sunday,July,Jul,7,3,2020
20200727,2020-07-27,Monday,July,Jul,7,3,2020
20200728,2020-07-28,Tuesday,July,Jul,7,3,2020
20200729,2020-07-29,Wednesday,July,Jul,7,3,2020
20200730,2020-07-30,Thursday,July,Jul,7,3,2020
20200731,2020-07-31,Friday,July,Jul,7,3,2020
20200801,2020-08-01,Saturday,August,Aug,8,3,2020
20200802,2020-08-02,Sunday,August,Aug,8,3,2020
20200803,2020-08-03,Monday,August,Aug,8,3,2020
20200804,2020-08-04,Tuesday,August,Aug,8,3,2020
20200805,2020-08-05,Wednesday,August,Aug,8,3,2020
20200806,2020-08-06,Thursday,August,Aug,8,3,2020
20200807,2020-08-07,Friday,August,Aug,8,3,2020
20200808,2020-08-08,Saturday,August,Aug,8,3,2020
20200809,2020-08-09,Sunday,August,Aug,8,3,2020
20200810,2020-08-10,Monday,August,Aug,8,3,2020
20200811,2020-08-11,Tuesday,August,Aug,8,3,2020
20200812,2020-08-12,Wednesday,August,Aug,8,3,2020
20200813,2020-08-13,Thursday,August,Aug,8,3,2020
20200814,2020-08-14,Friday,August,Aug,8,3,2020
20200815,2020-08-15,Saturday,August,Aug,8,3,2020
20200816,2020-08-16,Sunday,August,Aug,8,3,2020
20200817,2020-08-17,Monday,August,Aug,8,3,2020
20200818,2020-08-18,Tuesday,August,Aug,8,3,2020
20200819,2020-08-19,Wednesday,August,Aug,8,3,2020
20200820,2020-08-20,Thursday,August,Aug,8,3,2020
20200821,2020-08-21,Friday,August,Aug,8,3,2020
20200822,2020-08-22,Saturday,August,Aug,8,3,2020
20200823,2020-08-23,Sunday,August,Aug,8,3,2020
20200824,2020-08-24,Monday,August,Aug,8,3,2020
20200825,2020-08-25,Tuesday,August,Aug,8,3,2020
20200826,2020-08-26,Wednesday,August,Aug,8,3,2020
20200827,2020-08-27,Thursday,August,Aug,8,3,2020
20200828,2020-08-28,Friday,August,Aug,8,3,2020
20200829,2020-08-29,Saturday,August,Aug,8,3,2020
20200830,2020-08-30,Sunday,August,Aug,8,3,2020
20200831,2020-08-31,Monday,August,Aug,8,3,2020
20200901,2020-09-01,Tuesday,September,Sep,9,3,2020
20200902,2020-09-02,Wednesday,September,Sep,9,3,2020
20200903,2020-09-03,Thursday,September,Sep,9,3,2020
20200904,2020-09-04,Friday,September,Sep,9,3,2020
20200905,2020-09-05,Saturday,September,Sep,9,3,2020
20200906,2020-09-06,Sunday,September,Sep,9,3,2020
20200907,2020-09-07,Monday,September,Sep,9,3,2020
20200908,2020-09-08,Tuesday,September,Sep,9,3,2020
20200909,2020-09-09,Wednesday,September,Sep,9,3,2020
20200910,2020-09-10,Thursday,September,Sep,9,3,2020
20200911,2020-09-11,Friday,September,Sep,9,3,2020
20200912,2020-09-12,Saturday,September,Sep,9,3,2020
20200913,2020-09-13,Sunday,September,Sep,9,3,2020
20200914,2020-09-14,Monday,September,Sep,9,3,2020
20200915,2020-09-15,Tuesday,September,Sep,9,3,2020
20200916,2020-09-16,Wednesday,September,Sep,9,3,2020
20200917,2020-09-17,Thursday,September,Sep,9,3,2020
20200918,2020-09-18,Friday,September,Sep,9,3,2020
20200919,2020-09-19,Saturday,September,Sep,9,3,2020
20200920,2020-09-20,Sunday,September,Sep,9,3,2020
20200921,2020-09-21,Monday,September,Sep,9,3,2020
20200922,2020-09-22,Tuesday,September,Sep,9,3,2020
20200923,2020-09-23,Wednesday,September,Sep,9,3,2020
20200924,2020-09-24,Thursday,September,Sep,9,3,2020
20200925,2020-09-25,Friday,September,Sep,9,3,2020
20200926,2020-09-26,Saturday,September,Sep,9,3,2020
20200927,2020-09-27,Sunday,September,Sep,9,3,2020
20200928,2020-09-28,Monday,September,Sep,9,3,2020
20200929,2020-09-29,Tuesday,September,Sep,9,3,2020
20200930,2020-09-30,Wednesday,September,Sep,9,3,2020
20201001,2020-10-01,Thursday,October,Oct,10,4,2020
20201002,2020-10-02,Friday,October,Oct,10,4,2020
20201003,2020-10-03,Saturday,October,Oct,10,4,2020
20201004,2020-10-04,Sunday,October,Oct,10,4,2020
20201005,2020-10-05,Monday,October,Oct,10,4,2020
20201006,2020-10-06,Tuesday,October,Oct,10,4,2020
20201007,2020-10-07,Wednesday,October,Oct,10,4,2020
20201008,2020-10-08,Thursday,October,Oct,10,4,2020
20201009,2020-10-09,Friday,October,Oct,10,4,2020
20201010,2020-10-10,Saturday,October,Oct,10,4,2020
20201011,2020-10-11,Sunday,October,Oct,10,4,2020
20201012,2020-10-12,Monday,October,Oct,10,4,2020
20201013,2020-10-13,Tuesday,October,Oct,10,4,2020
20201014,2020-10-14,Wednesday,October,Oct,10,4,2020
20201015,2020-10-15,Thursday,October,Oct,10,4,2020
20201016,2020-10-16,Friday,October,Oct,10,4,2020
20201017,2020-10-17,Saturday,October,Oct,10,4,2020
20201018,2020-10-18,Sunday,October,Oct,10,4,2020
20201019,2020-10-19,Monday,October,Oct,10,4,2020
20201020,2020-10-20,Tuesday,October,Oct,10,4,2020
20201021,2020-10-21,Wednesday,October,Oct,10,4,2020
20201022,2020-10-22,Thursday,October,Oct,10,4,2020
20201023,2020-10-23,Friday,October,Oct,10,4,2020
20201024,2020-10-24,Saturday,October,Oct,10,4,2020
20201025,2020-10-25,Sunday,October,Oct,10,4,2020
20201026,2020-10-26,Monday,October,Oct,10,4,2020
20201027,2020-10-27,Tuesday,October,Oct,10,4,2020
20201028,2020-10-28,Wednesday,October,Oct,10,4,2020
20201029,2020-10-29,Thursday,October,Oct,10,4,2020
20201030,2020-10-30,Friday,October,Oct,10,4,2020
20201031,2020-10-31,Saturday,October,Oct,10,4,2020
20201101,2020-11-01,Sunday,November,Nov,11,4,2020
20201102,2020-11-02,Monday,November,Nov,11,4,2020
20201103,2020-11-03,Tuesday,November,Nov,11,4,2020
20201104,2020-11-04,Wednesday,November,Nov,11,4,2020
20201105,2020-11-05,Thursday,November,Nov,11,4,2020
20201106,2020-11-06,Friday,November,Nov,11,4,2020
20201107,2020-11-07,Saturday,November,Nov,11,4,2020
20201108,2020-11-08,Sunday,November,Nov,11,4,2020
20201109,2020-11-09,Monday,November,Nov,11,4,2020
20201110,2020-11-10,Tuesday,November,Nov,11,4,2020
20201111,2020-11-11,Wednesday,November,Nov,11,4,2020
20201112,2020-11-12,Thursday,November,Nov,11,4,2020
20201113,2020-11-13,Friday,November,Nov,11,4,2020
20201114,2020-11-14,Saturday,November,Nov,11,4,2020
20201115,2020-11-15,Sunday,November,Nov,11,4,2020
20201116,2020-11-16,Monday,November,Nov,11,4,2020
20201117,2020-11-17,Tuesday,November,Nov,11,4,2020
20201118,2020-11-18,Wednesday,November,Nov,11,4,2020
20201119,2020-11-19,Thursday,November,Nov,11,4,2020
20201120,2020-11-20,Friday,November,Nov,11,4,2020
20201121,2020-11-21,Saturday,November,Nov,11,4,2020
20201122,2020-11-22,Sunday,November,Nov,11,4,2020
20201123,2020-11-23,Monday,November,Nov,11,4,2020
20201124,2020-11-24,Tuesday,November,Nov,11,4,2020
20201125,2020-11-25,Wednesday,November,Nov,11,4,2020
20201126,2020-11-26,Thursday,November,Nov,11,4,2020
20201127,2020-11-27,Friday,November,Nov,11,4,2020
20201128,2020-11-28,Saturday,November,Nov,11,4,2020
20201129,2020-11-29,Sunday,November,Nov,11,4,2020
20201130,2020-11-30,Monday,November,Nov,11,4,2020
20201201,2020-12-01,Tuesday,December,Dec,12,4,2020
20201202,2020-12-02,Wednesday,December,Dec,12,4,2020
20201203,2020-12-03,Thursday,December,Dec,12,4,2020
20201204,2020-12-04,Friday,December,Dec,12,4,2020
20201205,2020-12-05,Saturday,December,Dec,12,4,2020
20201206,2020-12-06,Sunday,December,Dec,12,4,2020
20201207,2020-12-07,Monday,December,Dec,12,4,2020
20201208,2020-12-08,Tuesday,December,Dec,12,4,2020
20201209,2020-12-09,Wednesday,December,Dec,12,4,2020
20201210,2020-12-10,Thursday,December,Dec,12,4,2020
20201211,2020-12-11,Friday,December,Dec,12,4,2020
20201212,2020-12-12,Saturday,December,Dec,12,4,2020
20201213,2020-12-13,Sunday,December,Dec,12,4,2020
20201214,2020-12-14,Monday,December,Dec,12,4,2020
20201215,2020-12-15,Tuesday,December,Dec,12,4,2020
20201216,2020-12-16,Wednesday,December,Dec,12,4,2020
20201217,2020-12-17,Thursday,December,Dec,12,4,2020
20201218,2020-12-18,Friday,December,Dec,12,4,2020
20201219,2020-12-19,Saturday,December,Dec,12,4,2020
20201220,2020-12-20,Sunday,December,Dec,12,4,2020
20201221,2020-12-21,Monday,December,Dec,12,4,2020
20201222,2020-12-22,Tuesday,December,Dec,12,4,2020
20201223,2020-12-23,Wednesday,December,Dec,12,4,2020
20201224,2020-12-24,Thursday,December,Dec,12,4,2020
20201225,2020-12-25,Friday,December,Dec,12,4,2020
20201226,2020-12-26,Saturday,December,Dec,12,4,2020
20201227,2020-12-27,Sunday,December,Dec,12,4,2020
20201228,2020-12-28,Monday,December,Dec,12,4,2020
20201229,2020-12-29,Tuesday,December,Dec,12,4,2020
20201230,2020-12-30,Wednesday,December,Dec,12,4,2020
20201231,2020-12-31,Thursday,December,Dec,12,4,2020
20210101,2021-01-01,Friday,January,Jan,1,1,2021
20210102,2021-01-02,Saturday,January,Jan,1,1,2021
20210103,2021-01-03,Sunday,January,Jan,1,1,2021
20210104,2021-01-04,Monday,January,Jan,1,1,2021
20210105,2021-01-05,Tuesday,January,Jan,1,1,2021
20210106,2021-01-06,Wednesday,January,Jan,1,1,2021
20210107,2021-01-07,Thursday,January,Jan,1,1,2021
20210108,2021-01-08,Friday,January,Jan,1,1,2021
20210109,2021-01-09,Saturday,January,Jan,1,1,2021
20210110,2021-01-10,Sunday,January,Jan,1,1,2021
20210111,2021-01-11,Monday,January,Jan,1,1,2021
20210112,2021-01-12,Tuesday,January,Jan,1,1,2021
20210113,2021-01-13,Wednesday,January,Jan,1,1,2021
20210114,2021-01-14,Thursday,January,Jan,1,1,2021
20210115,2021-01-15,Friday,January,Jan,1,1,2021
20210116,2021-01-16,Saturday,January,Jan,1,1,2021
20210117,2021-01-17,Sunday,January,Jan,1,1,2021
20210118,2021-01-18,Monday,January,Jan,1,1,2021
20210119,2021-01-19,Tuesday,January,Jan,1,1,2021
20210120,2021-01-20,Wednesday,January,Jan,1,1,2021
20210121,2021-01-21,Thursday,January,Jan,1,1,2021
20210122,2021-01-22,Friday,January,Jan,1,1,2021
20210123,2021-01-23,Saturday,January,Jan,1,1,2021
20210124,2021-01-24,Sunday,January,Jan,1,1,2021
20210125,2021-01-25,Monday,January,Jan,1,1,2021
20210126,2021-01-26,Tuesday,January,Jan,1,1,2021
20210127,2021-01-27,Wednesday,January,Jan,1,1,2021
20210128,2021-01-28,Thursday,January,Jan,1,1,2021
20210129,2021-01-29,Friday,January,Jan,1,1,2021
20210130,2021-01-30,Saturday,January,Jan,1,1,2021
20210131,2021-01-31,Sunday,January,Jan,1,1,2021
20210201,2021-02-01,Monday,February,Feb,2,1,2021
20210202,2021-02-02,Tuesday,February,Feb,2,1,2021
20210203,2021-02-03,Wednesday,February,Feb,2,1,2021
20210204,2021-02-04,Thursday,February,Feb,2,1,2021
20210205,2021-02-05,Friday,February,Feb,2,1,2021
20210206,2021-02-06,Saturday,February,Feb,2,1,2021
20210207,2021-02-07,Sunday,February,Feb,2,1,2021
20210208,2021-02-08,Monday,February,Feb,2,1,2021
20210209,2021-02-09,Tuesday,February,Feb,2,1,2021
20210210,2021-02-10,Wednesday,February,Feb,2,1,2021
20210211,2021-02-11,Thursday,February,Feb,2,1,2021
20210212,2021-02-12,Friday,February,Feb,2,1,2021
20210213,2021-02-13,Saturday,February,Feb,2,1,2021
20210214,2021-02-14,Sunday,February,Feb,2,1,2021
20210215,2021-02-15,Monday,February,Feb,2,1,2021
20210216,2021-02-16,Tuesday,February,Feb,2,1,2021
20210217,2021-02-17,Wednesday,February,Feb,2,1,2021
20210218,2021-02-18,Thursday,February,Feb,2,1,2021
20210219,2021-02-19,Friday,February,Feb,2,1,2021
20210220,2021-02-20,Saturday,February,Feb,2,1,2021
20210221,2021-02-21,Sunday,February,Feb,2,1,2021
20210222,2021-02-22,Monday,February,Feb,2,1,2021
20210223,2021-02-23,Tuesday,February,Feb,2,1,2021
20210224,2021-02-24,Wednesday,February,Feb,2,1,2021
20210225,2021-02-25,Thursday,February,Feb,2,1,2021
20210226,2021-02-26,Friday,February,Feb,2,1,2021
20210227,2021-02-27,Saturday,February,Feb,2,1,2021
20210228,2021-02-28,Sunday,February,Feb,2,1,2021
20210301,2021-03-01,Monday,March,Mar,3,1,2021
20210302,2021-03-02,Tuesday,March,Mar,3,1,2021
20210303,2021-03-03,Wednesday,March,Mar,3,1,2021
20210304,2021-03-04,Thursday,March,Mar,3,1,2021
20210305,2021-03-05,Friday,March,Mar,3,1,2021
20210306,2021-03-06,Saturday,March,Mar,3,1,2021
20210307,2021-03-07,Sunday,March,Mar,3,1,2021
20210308,2021-03-08,Monday,March,Mar,3,1,2021
20210309,2021-03-09,Tuesday,March,Mar,3,1,2021
20210310,2021-03-10,Wednesday,March,Mar,3,1,2021
20210311,2021-03-11,Thursday,March,Mar,3,1,2021
20210312,2021-03-12,Friday,March,Mar,3,1,2021
20210313,2021-03-13,Saturday,March,Mar,3,1,2021
20210314,2021-03-14,Sunday,March,Mar,3,1,2021
20210315,2021-03-15,Monday,March,Mar,3,1,2021
20210316,2021-03-16,Tuesday,March,Mar,3,1,2021
20210317,2021-03-17,Wednesday,March,Mar,3,1,2021
20210318,2021-03-18,Thursday,March,Mar,3,1,2021
20210319,2021-03-19,Friday,March,Mar,3,1,2021
20210320,2021-03-20,Saturday,March,Mar,3,1,2021
20210321,2021-03-21,Sunday,March,Mar,3,1,2021
20210322,2021-03-22,Monday,March,Mar,3,1,2021
20210323,2021-03-23,Tuesday,March,Mar,3,1,2021
20210324,2021-03-24,Wednesday,March,Mar,3,1,2021
20210325,2021-03-25,Thursday,March,Mar,3,1,2021
20210326,2021-03-26,Friday,March,Mar,3,1,2021
20210327,2021-03-27,Saturday,March,Mar,3,1,2021
20210328,2021-03-28,Sunday,March,Mar,3,1,2021
20210329,2021-03-29,Monday,March,Mar,3,1,2021
20210330,2021-03-30,Tuesday,March,Mar,3,1,2021
20210331,2021-03-31,Wednesday,March,Mar,3,1,2021
20210401,2021-04-01,Thursday,April,Apr,4,2,2021
20210402,2021-04-02,Friday,April,Apr,4,2,2021
20210403,2021-04-03,Saturday,April,Apr,4,2,2021
20210404,2021-04-04,Sunday,April,Apr,4,2,2021
20210405,2021-04-05,Monday,April,Apr,4,2,2021
20210406,2021-04-06,Tuesday,April,Apr,4,2,2021
20210407,2021-04-07,Wednesday,April,Apr,4,2,2021
20210408,2021-04-08,Thursday,April,Apr,4,2,2021
20210409,2021-04-09,Friday,April,Apr,4,2,2021
20210410,2021-04-10,Saturday,April,Apr,4,2,2021
20210411,2021-04-11,Sunday,April,Apr,4,2,2021
20210412,2021-04-12,Monday,April,Apr,4,2,2021
20210413,2021-04-13,Tuesday,April,Apr,4,2,2021
20210414,2021-04-14,Wednesday,April,Apr,4,2,2021
20210415,2021-04-15,Thursday,April,Apr,4,2,2021
20210416,2021-04-16,Friday,April,Apr,4,2,2021
20210417,2021-04-17,Saturday,April,Apr,4,2,2021
20210418,2021-04-18,Sunday,April,Apr,4,2,2021
20210419,2021-04-19,Monday,April,Apr,4,2,2021
20210420,2021-04-20,Tuesday,April,Apr,4,2,2021
20210421,2021-04-21,Wednesday,April,Apr,4,2,2021
20210422,2021-04-22,Thursday,April,Apr,4,2,2021
20210423,2021-04-23,Friday,April,Apr,4,2,2021
20210424,2021-04-24,Saturday,April,Apr,4,2,2021
20210425,2021-04-25,Sunday,April,Apr,4,2,2021
20210426,2021-04-26,Monday,April,Apr,4,2,2021
20210427,2021-04-27,Tuesday,April,Apr,4,2,2021
20210428,2021-04-28,Wednesday,April,Apr,4,2,2021
20210429,2021-04-29,Thursday,April,Apr,4,2,2021
20210430,2021-04-30,Friday,April,Apr,4,2,2021
20210501,2021-05-01,Saturday,May,May,5,2,2021
20210502,2021-05-02,Sunday,May,May,5,2,2021
20210503,2021-05-03,Monday,May,May,5,2,2021
20210504,2021-05-04,Tuesday,May,May,5,2,2021
20210505,2021-05-05,Wednesday,May,May,5,2,2021
20210506,2021-05-06,Thursday,May,May,5,2,2021
20210507,2021-05-07,Friday,May,May,5,2,2021
20210508,2021-05-08,Saturday,May,May,5,2,2021
20210509,2021-05-09,Sunday,May,May,5,2,2021
20210510,2021-05-10,Monday,May,May,5,2,2021
20210511,2021-05-11,Tuesday,May,May,5,2,2021
20210512,2021-05-12,Wednesday,May,May,5,2,2021
20210513,2021-05-13,Thursday,May,May,5,2,2021
20210514,2021-05-14,Friday,May,May,5,2,2021
20210515,2021-05-15,Saturday,May,May,5,2,2021
20210516,2021-05-16,Sunday,May,May,5,2,2021
20210517,2021-05-17,Monday,May,May,5,2,2021
20210518,2021-05-18,Tuesday,May,May,5,2,2021
20210519,2021-05-19,Wednesday,May,May,5,2,2021
20210520,2021-05-20,Thursday,May,May,5,2,2021
20210521,2021-05-21,Friday,May,May,5,2,2021
20210522,2021-05-22,Saturday,May,May,5,2,2021
20210523,2021-05-23,Sunday,May,May,5,2,2021
20210524,2021-05-24,Monday,May,May,5,2,2021
20210525,2021-05-25,Tuesday,May,May,5,2,2021
20210526,2021-05-26,Wednesday,May,May,5,2,2021
20210527,2021-05-27,Thursday,May,May,5,2,2021
20210528,2021-05-28,Friday,May,May,5,2,2021
20210529,2021-05-29,Saturday,May,May,5,2,2021
20210530,2021-05-30,Sunday,May,May,5,2,2021
20210531,2021-05-31,Monday,May,May,5,2,2021
20210601,2021-06-01,Tuesday,June,Jun,6,2,2021
20210602,2021-06-02,Wednesday,June,Jun,6,2,2021
20210603,2021-06-03,Thursday,June,Jun,6,2,2021
20210604,2021-06-04,Friday,June,Jun,6,2,2021
20210605,2021-06-05,Saturday,June,Jun,6,2,2021
20210606,2021-06-06,Sunday,June,Jun,6,2,2021
20210607,2021-06-07,Monday,June,Jun,6,2,2021
20210608,2021-06-08,Tuesday,June,Jun,6,2,2021
20210609,2021-06-09,Wednesday,June,Jun,6,2,2021
20210610,2021-06-10,Thursday,June,Jun,6,2,2021
20210611,2021-06-11,Friday,June,Jun,6,2,2021
20210612,2021-06-12,Saturday,June,Jun,6,2,2021
20210613,2021-06-13,Sunday,June,Jun,6,2,2021
20210614,2021-06-14,Monday,June,Jun,6,2,2021
20210615,2021-06-15,Tuesday,June,Jun,6,2,2021
20210616,2021-06-16,Wednesday,June,Jun,6,2,2021
20210617,2021-06-17,Thursday,June,Jun,6,2,2021
20210618,2021-06-18,Friday,June,Jun,6,2,2021
20210619,2021-06-19,Saturday,June,Jun,6,2,2021
20210620,2021-06-20,Sunday,June,Jun,6,2,2021
20210621,2021-06-21,Monday,June,Jun,6,2,2021
20210622,2021-06-22,Tuesday,June,Jun,6,2,2021
20210623,2021-06-23,Wednesday,June,Jun,6,2,2021
20210624,2021-06-24,Thursday,June,Jun,6,2,2021
20210625,2021-06-25,Friday,June,Jun,6,2,2021
20210626,2021-06-26,Saturday,June,Jun,6,2,2021
20210627,2021-06-27,Sunday,June,Jun,6,2,2021
20210628,2021-06-28,Monday,June,Jun,6,2,2021
20210629,2021-06-29,Tuesday,June,Jun,6,2,2021
20210630,2021-06-30,Wednesday,June,Jun,6,2,2021
20210701,2021-07-01,Thursday,July,Jul,7,3,2021
20210702,2021-07-02,Friday,July,Jul,7,3,2021
20210703,2021-07-03,Saturday,July,Jul,7,3,2021
20210704,2021-07-04,Sunday,July,Jul,7,3,2021
20210705,2021-07-05,Monday,July,Jul,7,3,2021
20210706,2021-07-06,Tuesday,July,Jul,7,3,2021
20210707,2021-07-07,Wednesday,July,Jul,7,3,2021
20210708,2021-07-08,Thursday,July,Jul,7,3,2021
20210709,2021-07-09,Friday,July,Jul,7,3,2021
20210710,2021-07-10,Saturday,July,Jul,7,3,2021
20210711,2021-07-11,Sunday,July,Jul,7,3,2021
20210712,2021-07-12,Monday,July,Jul,7,3,2021
20210713,2021-07-13,Tuesday,July,Jul,7,3,2021
20210714,2021-07-14,Wednesday,July,Jul,7,3,2021
20210715,2021-07-15,Thursday,July,Jul,7,3,2021
20210716,2021-07-16,Friday,July,Jul,7,3,2021
20210717,2021-07-17,Saturday,July,Jul,7,3,2021
20210718,2021-07-18,Sunday,July,Jul,7,3,2021
20210719,2021-07-19,Monday,July,Jul,7,3,2021
20210720,2021-07-20,Tuesday,July,Jul,7,3,2021
20210721,2021-07-21,Wednesday,July,Jul,7,3,2021
20210722,2021-07-22,Thursday,July,Jul,7,3,2021
20210723,2021-07-23,Friday,July,Jul,7,3,2021
20210724,2021-07-24,Saturday,July,Jul,7,3,2021
20210725,2021-07-25,Sunday,July,Jul,7,3,2021
20210726,2021-07-26,Monday,July,Jul,7,3,2021
20210727,2021-07-27,Tuesday,July,Jul,7,3,2021
20210728,2021-07-28,Wednesday,July,Jul,7,3,2021
20210729,2021-07-29,Thursday,July,Jul,7,3,2021
20210730,2021-07-30,Friday,July,Jul,7,3,2021
20210731,2021-07-31,Saturday,July,Jul,7,3,2021
20210801,2021-08-01,Sunday,August,Aug,8,3,2021
20210802,2021-08-02,Monday,August,Aug,8,3,2021
20210803,2021-08-03,Tuesday,August,Aug,8,3,2021
20210804,2021-08-04,Wednesday,August,Aug,8,3,2021
20210805,2021-08-05,Thursday,August,Aug,8,3,2021
20210806,2021-08-06,Friday,August,Aug,8,3,2021
20210807,2021-08-07,Saturday,August,Aug,8,3,2021
20210808,2021-08-08,Sunday,August,Aug,8,3,2021
20210809,2021-08-09,Monday,August,Aug,8,3,2021
20210810,2021-08-10,Tuesday,August,Aug,8,3,2021
20210811,2021-08-11,Wednesday,August,Aug,8,3,2021
20210812,2021-08-12,Thursday,August,Aug,8,3,2021
20210813,2021-08-13,Friday,August,Aug,8,3,2021
20210814,2021-08-14,Saturday,August,Aug,8,3,2021
20210815,2021-08-15,Sunday,August,Aug,8,3,2021
20210816,2021-08-16,Monday,August,Aug,8,3,2021
20210817,2021-08-17,Tuesday,August,Aug,8,3,2021
20210818,2021-08-18,Wednesday,August,Aug,8,3,2021
20210819,2021-08-19,Thursday,August,Aug,8,3,2021
20210820,2021-08-20,Friday,August,Aug,8,3,2021
20210821,2021-08-21,Saturday,August,Aug,8,3,2021
20210822,2021-08-22,Sunday,August,Aug,8,3,2021
20210823,2021-08-23,Monday,August,Aug,8,3,2021
20210824,2021-08-24,Tuesday,August,Aug,8,3,2021
20210825,2021-08-25,Wednesday,August,Aug,8,3,2021
20210826,2021-08-26,Thursday,August,Aug,8,3,2021
20210827,2021-08-27,Friday,August,Aug,8,3,2021
20210828,2021-08-28,Saturday,August,Aug,8,3,2021
20210829,2021-08-29,Sunday,August,Aug,8,3,2021
20210830,2021-08-30,Monday,August,Aug,8,3,2021
20210831,2021-08-31,Tuesday,August,Aug,8,3,2021
20210901,2021-09-01,Wednesday,September,Sep,9,3,2021
20210902,2021-09-02,Thursday,September,Sep,9,3,2021
20210903,2021-09-03,Friday,September,Sep,9,3,2021
20210904,2021-09-04,Saturday,September,Sep,9,3,2021
20210905,2021-09-05,Sunday,September,Sep,9,3,2021
20210906,2021-09-06,Monday,September,Sep,9,3,2021
20210907,2021-09-07,Tuesday,September,Sep,9,3,2021
20210908,2021-09-08,Wednesday,September,Sep,9,3,2021
20210909,2021-09-09,Thursday,September,Sep,9,3,2021
20210910,2021-09-10,Friday,September,Sep,9,3,2021
20210911,2021-09-11,Saturday,September,Sep,9,3,2021
20210912,2021-09-12,Sunday,September,Sep,9,3,2021
20210913,2021-09-13,Monday,September,Sep,9,3,2021
20210914,2021-09-14,Tuesday,September,Sep,9,3,2021
20210915,2021-09-15,Wednesday,September,Sep,9,3,2021
20210916,2021-09-16,Thursday,September,Sep,9,3,2021
20210917,2021-09-17,Friday,September,Sep,9,3,2021
20210918,2021-09-18,Saturday,September,Sep,9,3,2021
20210919,2021-09-19,Sunday,September,Sep,9,3,2021
20210920,2021-09-20,Monday,September,Sep,9,3,2021
20210921,2021-09-21,Tuesday,September,Sep,9,3,2021
20210922,2021-09-22,Wednesday,September,Sep,9,3,2021
20210923,2021-09-23,Thursday,September,Sep,9,3,2021
20210924,2021-09-24,Friday,September,Sep,9,3,2021
20210925,2021-09-25,Saturday,September,Sep,9,3,2021
20210926,2021-09-26,Sunday,September,Sep,9,3,2021
20210927,2021-09-27,Monday,September,Sep,9,3,2021
20210928,2021-09-28,Tuesday,September,Sep,9,3,2021
20210929,2021-09-29,Wednesday,September,Sep,9,3,2021
20210930,2021-09-30,Thursday,September,Sep,9,3,2021
20211001,2021-10-01,Friday,October,Oct,10,4,2021
20211002,2021-10-02,Saturday,October,Oct,10,4,2021
20211003,2021-10-03,Sunday,October,Oct,10,4,2021
20211004,2021-10-04,Monday,October,Oct,10,4,2021
20211005,2021-10-05,Tuesday,October,Oct,10,4,2021
20211006,2021-10-06,Wednesday,October,Oct,10,4,2021
20211007,2021-10-07,Thursday,October,Oct,10,4,2021
20211008,2021-10-08,Friday,October,Oct,10,4,2021
20211009,2021-10-09,Saturday,October,Oct,10,4,2021
20211010,2021-10-10,Sunday,October,Oct,10,4,2021
20211011,2021-10-11,Monday,October,Oct,10,4,2021
20211012,2021-10-12,Tuesday,October,Oct,10,4,2021
20211013,2021-10-13,Wednesday,October,Oct,10,4,2021
20211014,2021-10-14,Thursday,October,Oct,10,4,2021
20211015,2021-10-15,Friday,October,Oct,10,4,2021
20211016,2021-10-16,Saturday,October,Oct,10,4,2021
20211017,2021-10-17,Sunday,October,Oct,10,4,2021
20211018,2021-10-18,Monday,October,Oct,10,4,2021
20211019,2021-10-19,Tuesday,October,Oct,10,4,2021
20211020,2021-10-20,Wednesday,October,Oct,10,4,2021
20211021,2021-10-21,Thursday,October,Oct,10,4,2021
20211022,2021-10-22,Friday,October,Oct,10,4,2021
20211023,2021-10-23,Saturday,October,Oct,10,4,2021
20211024,2021-10-24,Sunday,October,Oct,10,4,2021
20211025,2021-10-25,Monday,October,Oct,10,4,2021
20211026,2021-10-26,Tuesday,October,Oct,10,4,2021
20211027,2021-10-27,Wednesday,October,Oct,10,4,2021
20211028,2021-10-28,Thursday,October,Oct,10,4,2021
20211029,2021-10-29,Friday,October,Oct,10,4,2021
20211030,2021-10-30,Saturday,October,Oct,10,4,2021
20211031,2021-10-31,Sunday,October,Oct,10,4,2021
20211101,2021-11-01,Monday,November,Nov,11,4,2021
20211102,2021-11-02,Tuesday,November,Nov,11,4,2021
20211103,2021-11-03,Wednesday,November,Nov,11,4,2021
20211104,2021-11-04,Thursday,November,Nov,11,4,2021
20211105,2021-11-05,Friday,November,Nov,11,4,2021
20211106,2021-11-06,Saturday,November,Nov,11,4,2021
20211107,2021-11-07,Sunday,November,Nov,11,4,2021
20211108,2021-11-08,Monday,November,Nov,11,4,2021
20211109,2021-11-09,Tuesday,November,Nov,11,4,2021
20211110,2021-11-10,Wednesday,November,Nov,11,4,2021
20211111,2021-11-11,Thursday,November,Nov,11,4,2021
20211112,2021-11-12,Friday,November,Nov,11,4,2021
20211113,2021-11-13,Saturday,November,Nov,11,4,2021
20211114,2021-11-14,Sunday,November,Nov,11,4,2021
20211115,2021-11-15,Monday,November,Nov,11,4,2021
20211116,2021-11-16,Tuesday,November,Nov,11,4,2021
20211117,2021-11-17,Wednesday,November,Nov,11,4,2021
20211118,2021-11-18,Thursday,November,Nov,11,4,2021
20211119,2021-11-19,Friday,November,Nov,11,4,2021
20211120,2021-11-20,Saturday,November,Nov,11,4,2021
20211121,2021-11-21,Sunday,November,Nov,11,4,2021
20211122,2021-11-22,Monday,November,Nov,11,4,2021
20211123,2021-11-23,Tuesday,November,Nov,11,4,2021
20211124,2021-11-24,Wednesday,November,Nov,11,4,2021
20211125,2021-11-25,Thursday,November,Nov,11,4,2021
20211126,2021-11-26,Friday,November,Nov,11,4,2021
20211127,2021-11-27,Saturday,November,Nov,11,4,2021
20211128,2021-11-28,Sunday,November,Nov,11,4,2021
20211129,2021-11-29,Monday,November,Nov,11,4,2021
20211130,2021-11-30,Tuesday,November,Nov,11,4,2021
20211201,2021-12-01,Wednesday,December,Dec,12,4,2021
20211202,2021-12-02,Thursday,December,Dec,12,4,2021
20211203,2021-12-03,Friday,December,Dec,12,4,2021
20211204,2021-12-04,Saturday,December,Dec,12,4,2021
20211205,2021-12-05,Sunday,December,Dec,12,4,2021
20211206,2021-12-06,Monday,December,Dec,12,4,2021
20211207,2021-12-07,Tuesday,December,Dec,12,4,2021
20211208,2021-12-08,Wednesday,December,Dec,12,4,2021
20211209,2021-12-09,Thursday,December,Dec,12,4,2021
20211210,2021-12-10,Friday,December,Dec,12,4,2021
20211211,2021-12-11,Saturday,December,Dec,12,4,2021
20211212,2021-12-12,Sunday,December,Dec,12,4,2021
20211213,2021-12-13,Monday,December,Dec,12,4,2021
20211214,2021-12-14,Tuesday,December,Dec,12,4,2021
20211215,2021-12-15,Wednesday,December,Dec,12,4,2021
20211216,2021-12-16,Thursday,December,Dec,12,4,2021
20211217,2021-12-17,Friday,December,Dec,12,4,2021
20211218,2021-12-18,Saturday,December,Dec,12,4,2021
20211219,2021-12-19,Sunday,December,Dec,12,4,2021
20211220,2021-12-20,Monday,December,Dec,12,4,2021
20211221,2021-12-21,Tuesday,December,Dec,12,4,2021
20211222,2021-12-22,Wednesday,December,Dec,12,4,2021
20211223,2021-12-23,Thursday,December,Dec,12,4,2021
20211224,2021-12-24,Friday,December,Dec,12,4,2021
20211225,2021-12-25,Saturday,December,Dec,12,4,2021
20211226,2021-12-26,Sunday,December,Dec,12,4,2021
20211227,2021-12-27,Monday,December,Dec,12,4,2021
20211228,2021-12-28,Tuesday,December,Dec,12,4,2021
20211229,2021-12-29,Wednesday,December,Dec,12,4,2021
20211230,2021-12-30,Thursday,December,Dec,12,4,2021
20211231,2021-12-31,Friday,December,Dec,12,4,2021
20220101,2022-01-01,Saturday,January,Jan,1,1,2022
20220102,2022-01-02,Sunday,January,Jan,1,1,2022
20220103,2022-01-03,Monday,January,Jan,1,1,2022
20220104,2022-01-04,Tuesday,January,Jan,1,1,2022
20220105,2022-01-05,Wednesday,January,Jan,1,1,2022
20220106,2022-01-06,Thursday,January,Jan,1,1,2022
20220107,2022-01-07,Friday,January,Jan,1,1,2022
20220108,2022-01-08,Saturday,January,Jan,1,1,2022
20220109,2022-01-09,Sunday,January,Jan,1,1,2022
20220110,2022-01-10,Monday,January,Jan,1,1,2022
20220111,2022-01-11,Tuesday,January,Jan,1,1,2022
20220112,2022-01-12,Wednesday,January,Jan,1,1,2022
20220113,2022-01-13,Thursday,January,Jan,1,1,2022
20220114,2022-01-14,Friday,January,Jan,1,1,2022
20220115,2022-01-15,Saturday,January,Jan,1,1,2022
20220116,2022-01-16,Sunday,January,Jan,1,1,2022
20220117,2022-01-17,Monday,January,Jan,1,1,2022
20220118,2022-01-18,Tuesday,January,Jan,1,1,2022
20220119,2022-01-19,Wednesday,January,Jan,1,1,2022
20220120,2022-01-20,Thursday,January,Jan,1,1,2022
20220121,2022-01-21,Friday,January,Jan,1,1,2022
20220122,2022-01-22,Saturday,January,Jan,1,1,2022
20220123,2022-01-23,Sunday,January,Jan,1,1,2022
20220124,2022-01-24,Monday,January,Jan,1,1,2022
20220125,2022-01-25,Tuesday,January,Jan,1,1,2022
20220126,2022-01-26,Wednesday,January,Jan,1,1,2022
20220127,2022-01-27,Thursday,January,Jan,1,1,2022
20220128,2022-01-28,Friday,January,Jan,1,1,2022
20220129,2022-01-29,Saturday,January,Jan,1,1,2022
20220130,2022-01-30,Sunday,January,Jan,1,1,2022
20220131,2022-01-31,Monday,January,Jan,1,1,2022
20220201,2022-02-01,Tuesday,February,Feb,2,1,2022
20220202,2022-02-02,Wednesday,February,Feb,2,1,2022
20220203,2022-02-03,Thursday,February,Feb,2,1,2022
20220204,2022-02-04,Friday,February,Feb,2,1,2022
20220205,2022-02-05,Saturday,February,Feb,2,1,2022
20220206,2022-02-06,Sunday,February,Feb,2,1,2022
20220207,2022-02-07,Monday,February,Feb,2,1,2022
20220208,2022-02-08,Tuesday,February,Feb,2,1,2022
20220209,2022-02-09,Wednesday,February,Feb,2,1,2022
20220210,2022-02-10,Thursday,February,Feb,2,1,2022
20220211,2022-02-11,Friday,February,Feb,2,1,2022
20220212,2022-02-12,Saturday,February,Feb,2,1,2022
20220213,2022-02-13,Sunday,February,Feb,2,1,2022
20220214,2022-02-14,Monday,February,Feb,2,1,2022
20220215,2022-02-15,Tuesday,February,Feb,2,1,2022
20220216,2022-02-16,Wednesday,February,Feb,2,1,2022
20220217,2022-02-17,Thursday,February,Feb,2,1,2022
20220218,2022-02-18,Friday,February,Feb,2,1,2022
20220219,2022-02-19,Saturday,February,Feb,2,1,2022
20220220,2022-02-20,Sunday,February,Feb,2,1,2022
20220221,2022-02-21,Monday,February,Feb,2,1,2022
20220222,2022-02-22,Tuesday,February,Feb,2,1,2022
20220223,2022-02-23,Wednesday,February,Feb,2,1,2022
20220224,2022-02-24,Thursday,February,Feb,2,1,2022
20220225,2022-02-25,Friday,February,Feb,2,1,2022
20220226,2022-02-26,Saturday,February,Feb,2,1,2022
20220227,2022-02-27,Sunday,February,Feb,2,1,2022
20220228,2022-02-28,Monday,February,Feb,2,1,2022
20220301,2022-03-01,Tuesday,March,Mar,3,1,2022
20220302,2022-03-02,Wednesday,March,Mar,3,1,2022
20220303,2022-03-03,Thursday,March,Mar,3,1,2022
20220304,2022-03-04,Friday,March,Mar,3,1,2022
20220305,2022-03-05,Saturday,March,Mar,3,1,2022
20220306,2022-03-06,Sunday,March,Mar,3,1,2022
20220307,2022-03-07,Monday,March,Mar,3,1,2022
20220308,2022-03-08,Tuesday,March,Mar,3,1,2022
20220309,2022-03-09,Wednesday,March,Mar,3,1,2022
20220310,2022-03-10,Thursday,March,Mar,3,1,2022
20220311,2022-03-11,Friday,March,Mar,3,1,2022
20220312,2022-03-12,Saturday,March,Mar,3,1,2022
20220313,2022-03-13,Sunday,March,Mar,3,1,2022
20220314,2022-03-14,Monday,March,Mar,3,1,2022
20220315,2022-03-15,Tuesday,March,Mar,3,1,2022
20220316,2022-03-16,Wednesday,March,Mar,3,1,2022
20220317,2022-03-17,Thursday,March,Mar,3,1,2022
20220318,2022-03-18,Friday,March,Mar,3,1,2022
20220319,2022-03-19,Saturday,March,Mar,3,1,2022
20220320,2022-03-20,Sunday,March,Mar,3,1,2022
20220321,2022-03-21,Monday,March,Mar,3,1,2022
20220322,2022-03-22,Tuesday,March,Mar,3,1,2022
20220323,2022-03-23,Wednesday,March,Mar,3,1,2022
20220324,2022-03-24,Thursday,March,Mar,3,1,2022
20220325,2022-03-25,Friday,March,Mar,3,1,2022
20220326,2022-03-26,Saturday,March,Mar,3,1,2022
20220327,2022-03-27,Sunday,March,Mar,3,1,2022
20220328,2022-03-28,Monday,March,Mar,3,1,2022
20220329,2022-03-29,Tuesday,March,Mar,3,1,2022
20220330,2022-03-30,Wednesday,March,Mar,3,1,2022
20220331,2022-03-31,Thursday,March,Mar,3,1,2022
20220401,2022-04-01,Friday,April,Apr,4,2,2022
20220402,2022-04-02,Saturday,April,Apr,4,2,2022
20220403,2022-04-03,Sunday,April,Apr,4,2,2022
20220404,2022-04-04,Monday,April,Apr,4,2,2022
20220405,2022-04-05,Tuesday,April,Apr,4,2,2022
20220406,2022-04-06,Wednesday,April,Apr,4,2,2022
20220407,2022-04-07,Thursday,April,Apr,4,2,2022
20220408,2022-04-08,Friday,April,Apr,4,2,2022
20220409,2022-04-09,Saturday,April,Apr,4,2,2022
20220410,2022-04-10,Sunday,April,Apr,4,2,2022
20220411,2022-04-11,Monday,April,Apr,4,2,2022
20220412,2022-04-12,Tuesday,April,Apr,4,2,2022
20220413,2022-04-13,Wednesday,April,Apr,4,2,2022
20220414,2022-04-14,Thursday,April,Apr,4,2,2022
20220415,2022-04-15,Friday,April,Apr,4,2,2022
20220416,2022-04-16,Saturday,April,Apr,4,2,2022
20220417,2022-04-17,Sunday,April,Apr,4,2,2022
20220418,2022-04-18,Monday,April,Apr,4,2,2022
20220419,2022-04-19,Tuesday,April,Apr,4,2,2022
20220420,2022-04-20,Wednesday,April,Apr,4,2,2022
20220421,2022-04-21,Thursday,April,Apr,4,2,2022
20220422,2022-04-22,Friday,April,Apr,4,2,2022
20220423,2022-04-23,Saturday,April,Apr,4,2,2022
20220424,2022-04-24,Sunday,April,Apr,4,2,2022
20220425,2022-04-25,Monday,April,Apr,4,2,2022
20220426,2022-04-26,Tuesday,April,Apr,4,2,2022
20220427,2022-04-27,Wednesday,April,Apr,4,2,2022
20220428,2022-04-28,Thursday,April,Apr,4,2,2022
20220429,2022-04-29,Friday,April,Apr,4,2,2022
20220430,2022-04-30,Saturday,April,Apr,4,2,2022
20220501,2022-05-01,Sunday,May,May,5,2,2022
20220502,2022-05-02,Monday,May,May,5,2,2022
20220503,2022-05-03,Tuesday,May,May,5,2,2022
20220504,2022-05-04,Wednesday,May,May,5,2,2022
20220505,2022-05-05,Thursday,May,May,5,2,2022
20220506,2022-05-06,Friday,May,May,5,2,2022
20220507,2022-05-07,Saturday,May,May,5,2,2022
20220508,2022-05-08,Sunday,May,May,5,2,2022
20220509,2022-05-09,Monday,May,May,5,2,2022
20220510,2022-05-10,Tuesday,May,May,5,2,2022
20220511,2022-05-11,Wednesday,May,May,5,2,2022
20220512,2022-05-12,Thursday,May,May,5,2,2022
20220513,2022-05-13,Friday,May,May,5,2,2022
20220514,2022-05-14,Saturday,May,May,5,2,2022
20220515,2022-05-15,Sunday,May,May,5,2,2022
20220516,2022-05-16,Monday,May,May,5,2,2022
20220517,2022-05-17,Tuesday,May,May,5,2,2022
20220518,2022-05-18,Wednesday,May,May,5,2,2022
20220519,2022-05-19,Thursday,May,May,5,2,2022
20220520,2022-05-20,Friday,May,May,5,2,2022
20220521,2022-05-21,Saturday,May,May,5,2,2022
20220522,2022-05-22,Sunday,May,May,5,2,2022
20220523,2022-05-23,Monday,May,May,5,2,2022
20220524,2022-05-24,Tuesday,May,May,5,2,2022
20220525,2022-05-25,Wednesday,May,May,5,2,2022
20220526,2022-05-26,Thursday,May,May,5,2,2022
20220527,2022-05-27,Friday,May,May,5,2,2022
20220528,2022-05-28,Saturday,May,May,5,2,2022
20220529,2022-05-29,Sunday,May,May,5,2,2022
20220530,2022-05-30,Monday,May,May,5,2,2022
20220531,2022-05-31,Tuesday,May,May,5,2,2022
20220601,2022-06-01,Wednesday,June,Jun,6,2,2022
20220602,2022-06-02,Thursday,June,Jun,6,2,2022
20220603,2022-06-03,Friday,June,Jun,6,2,2022
20220604,2022-06-04,Saturday,June,Jun,6,2,2022
20220605,2022-06-05,Sunday,June,Jun,6,2,2022
20220606,2022-06-06,Monday,June,Jun,6,2,2022
20220607,2022-06-07,Tuesday,June,Jun,6,2,2022
20220608,2022-06-08,Wednesday,June,Jun,6,2,2022
20220609,2022-06-09,Thursday,June,Jun,6,2,2022
20220610,2022-06-10,Friday,June,Jun,6,2,2022
20220611,2022-06-11,Saturday,June,Jun,6,2,2022
20220612,2022-06-12,Sunday,June,Jun,6,2,2022
20220613,2022-06-13,Monday,June,Jun,6,2,2022
20220614,2022-06-14,Tuesday,June,Jun,6,2,2022
20220615,2022-06-15,Wednesday,June,Jun,6,2,2022
20220616,2022-06-16,Thursday,June,Jun,6,2,2022
20220617,2022-06-17,Friday,June,Jun,6,2,2022
20220618,2022-06-18,Saturday,June,Jun,6,2,2022
20220619,2022-06-19,Sunday,June,Jun,6,2,2022
20220620,2022-06-20,Monday,June,Jun,6,2,2022
20220621,2022-06-21,Tuesday,June,Jun,6,2,2022
20220622,2022-06-22,Wednesday,June,Jun,6,2,2022
20220623,2022-06-23,Thursday,June,Jun,6,2,2022
20220624,2022-06-24,Friday,June,Jun,6,2,2022
20220625,2022-06-25,Saturday,June,Jun,6,2,2022
20220626,2022-06-26,Sunday,June,Jun,6,2,2022
20220627,2022-06-27,Monday,June,Jun,6,2,2022
20220628,2022-06-28,Tuesday,June,Jun,6,2,2022
20220629,2022-06-29,Wednesday,June,Jun,6,2,2022
20220630,2022-06-30,Thursday,June,Jun,6,2,2022
20220701,2022-07-01,Friday,July,Jul,7,3,2022
20220702,2022-07-02,Saturday,July,Jul,7,3,2022
20220703,2022-07-03,Sunday,July,Jul,7,3,2022
20220704,2022-07-04,Monday,July,Jul,7,3,2022
20220705,2022-07-05,Tuesday,July,Jul,7,3,2022
20220706,2022-07-06,Wednesday,July,Jul,7,3,2022
20220707,2022-07-07,Thursday,July,Jul,7,3,2022
20220708,2022-07-08,Friday,July,Jul,7,3,2022
20220709,2022-07-09,Saturday,July,Jul,7,3,2022
20220710,2022-07-10,Sunday,July,Jul,7,3,2022
20220711,2022-07-11,Monday,July,Jul,7,3,2022
20220712,2022-07-12,Tuesday,July,Jul,7,3,2022
20220713,2022-07-13,Wednesday,July,Jul,7,3,2022
20220714,2022-07-14,Thursday,July,Jul,7,3,2022
20220715,2022-07-15,Friday,July,Jul,7,3,2022
20220716,2022-07-16,Saturday,July,Jul,7,3,2022
20220717,2022-07-17,Sunday,July,Jul,7,3,2022
20220718,2022-07-18,Monday,July,Jul,7,3,2022
20220719,2022-07-19,Tuesday,July,Jul,7,3,2022
20220720,2022-07-20,Wednesday,July,Jul,7,3,2022
20220721,2022-07-21,Thursday,July,Jul,7,3,2022
20220722,2022-07-22,Friday,July,Jul,7,3,2022
20220723,2022-07-23,Saturday,July,Jul,7,3,2022
20220724,2022-07-24,Sunday,July,Jul,7,3,2022
20220725,2022-07-25,Monday,July,Jul,7,3,2022
20220726,2022-07-26,Tuesday,July,Jul,7,3,2022
20220727,2022-07-27,Wednesday,July,Jul,7,3,2022
20220728,2022-07-28,Thursday,July,Jul,7,3,2022
20220729,2022-07-29,Friday,July,Jul,7,3,2022
20220730,2022-07-30,Saturday,July,Jul,7,3,2022
20220731,2022-07-31,Sunday,July,Jul,7,3,2022
20220801,2022-08-01,Monday,August,Aug,8,3,2022
20220802,2022-08-02,Tuesday,August,Aug,8,3,2022
20220803,2022-08-03,Wednesday,August,Aug,8,3,2022
20220804,2022-08-04,Thursday,August,Aug,8,3,2022
20220805,2022-08-05,Friday,August,Aug,8,3,2022
20220806,2022-08-06,Saturday,August,Aug,8,3,2022
20220807,2022-08-07,Sunday,August,Aug,8,3,2022
20220808,2022-08-08,Monday,August,Aug,8,3,2022
20220809,2022-08-09,Tuesday,August,Aug,8,3,2022
20220810,2022-08-10,Wednesday,August,Aug,8,3,2022
20220811,2022-08-11,Thursday,August,Aug,8,3,2022
20220812,2022-08-12,Friday,August,Aug,8,3,2022
20220813,2022-08-13,Saturday,August,Aug,8,3,2022
20220814,2022-08-14,Sunday,August,Aug,8,3,2022
20220815,2022-08-15,Monday,August,Aug,8,3,2022
20220816,2022-08-16,Tuesday,August,Aug,8,3,2022
20220817,2022-08-17,Wednesday,August,Aug,8,3,2022
20220818,2022-08-18,Thursday,August,Aug,8,3,2022
20220819,2022-08-19,Friday,August,Aug,8,3,2022
20220820,2022-08-20,Saturday,August,Aug,8,3,2022
20220821,2022-08-21,Sunday,August,Aug,8,3,2022
20220822,2022-08-22,Monday,August,Aug,8,3,2022
20220823,2022-08-23,Tuesday,August,Aug,8,3,2022
20220824,2022-08-24,Wednesday,August,Aug,8,3,2022
20220825,2022-08-25,Thursday,August,Aug,8,3,2022
20220826,2022-08-26,Friday,August,Aug,8,3,2022
20220827,2022-08-27,Saturday,August,Aug,8,3,2022
20220828,2022-08-28,Sunday,August,Aug,8,3,2022
20220829,2022-08-29,Monday,August,Aug,8,3,2022
20220830,2022-08-30,Tuesday,August,Aug,8,3,2022
20220831,2022-08-31,Wednesday,August,Aug,8,3,2022
20220901,2022-09-01,Thursday,September,Sep,9,3,2022
20220902,2022-09-02,Friday,September,Sep,9,3,2022
20220903,2022-09-03,Saturday,September,Sep,9,3,2022
20220904,2022-09-04,Sunday,September,Sep,9,3,2022
20220905,2022-09-05,Monday,September,Sep,9,3,2022
20220906,2022-09-06,Tuesday,September,Sep,9,3,2022
20220907,2022-09-07,Wednesday,September,Sep,9,3,2022
20220908,2022-09-08,Thursday,September,Sep,9,3,2022
20220909,2022-09-09,Friday,September,Sep,9,3,2022
20220910,2022-09-10,Saturday,September,Sep,9,3,2022
20220911,2022-09-11,Sunday,September,Sep,9,3,2022
20220912,2022-09-12,Monday,September,Sep,9,3,2022
20220913,2022-09-13,Tuesday,September,Sep,9,3,2022
20220914,2022-09-14,Wednesday,September,Sep,9,3,2022
20220915,2022-09-15,Thursday,September,Sep,9,3,2022
20220916,2022-09-16,Friday,September,Sep,9,3,2022
20220917,2022-09-17,Saturday,September,Sep,9,3,2022
20220918,2022-09-18,Sunday,September,Sep,9,3,2022
20220919,2022-09-19,Monday,September,Sep,9,3,2022
20220920,2022-09-20,Tuesday,September,Sep,9,3,2022
20220921,2022-09-21,Wednesday,September,Sep,9,3,2022
20220922,2022-09-22,Thursday,September,Sep,9,3,2022
20220923,2022-09-23,Friday,September,Sep,9,3,2022
20220924,2022-09-24,Saturday,September,Sep,9,3,2022
20220925,2022-09-25,Sunday,September,Sep,9,3,2022
20220926,2022-09-26,Monday,September,Sep,9,3,2022
20220927,2022-09-27,Tuesday,September,Sep,9,3,2022
20220928,2022-09-28,Wednesday,September,Sep,9,3,2022
20220929,2022-09-29,Thursday,September,Sep,9,3,2022
20220930,2022-09-30,Friday,September,Sep,9,3,2022
20221001,2022-10-01,Saturday,October,Oct,10,4,2022
20221002,2022-10-02,Sunday,October,Oct,10,4,2022
20221003,2022-10-03,Monday,October,Oct,10,4,2022
20221004,2022-10-04,Tuesday,October,Oct,10,4,2022
20221005,2022-10-05,Wednesday,October,Oct,10,4,2022
20221006,2022-10-06,Thursday,October,Oct,10,4,2022
20221007,2022-10-07,Friday,October,Oct,10,4,2022
20221008,2022-10-08,Saturday,October,Oct,10,4,2022
20221009,2022-10-09,Sunday,October,Oct,10,4,2022
20221010,2022-10-10,Monday,October,Oct,10,4,2022
20221011,2022-10-11,Tuesday,October,Oct,10,4,2022
20221012,2022-10-12,Wednesday,October,Oct,10,4,2022
20221013,2022-10-13,Thursday,October,Oct,10,4,2022
20221014,2022-10-14,Friday,October,Oct,10,4,2022
20221015,2022-10-15,Saturday,October,Oct,10,4,2022
20221016,2022-10-16,Sunday,October,Oct,10,4,2022
20221017,2022-10-17,Monday,October,Oct,10,4,2022
20221018,2022-10-18,Tuesday,October,Oct,10,4,2022
20221019,2022-10-19,Wednesday,October,Oct,10,4,2022
20221020,2022-10-20,Thursday,October,Oct,10,4,2022
20221021,2022-10-21,Friday,October,Oct,10,4,2022
20221022,2022-10-22,Saturday,October,Oct,10,4,2022
20221023,2022-10-23,Sunday,October,Oct,10,4,2022
20221024,2022-10-24,Monday,October,Oct,10,4,2022
20221025,2022-10-25,Tuesday,October,Oct,10,4,2022
20221026,2022-10-26,Wednesday,October,Oct,10,4,2022
20221027,2022-10-27,Thursday,October,Oct,10,4,2022
20221028,2022-10-28,Friday,October,Oct,10,4,2022
20221029,2022-10-29,Saturday,October,Oct,10,4,2022
20221030,2022-10-30,Sunday,October,Oct,10,4,2022
20221031,2022-10-31,Monday,October,Oct,10,4,2022
20221101,2022-11-01,Tuesday,November,Nov,11,4,2022
20221102,2022-11-02,Wednesday,November,Nov,11,4,2022
20221103,2022-11-03,Thursday,November,Nov,11,4,2022
20221104,2022-11-04,Friday,November,Nov,11,4,2022
20221105,2022-11-05,Saturday,November,Nov,11,4,2022
20221106,2022-11-06,Sunday,November,Nov,11,4,2022
20221107,2022-11-07,Monday,November,Nov,11,4,2022
20221108,2022-11-08,Tuesday,November,Nov,11,4,2022
20221109,2022-11-09,Wednesday,November,Nov,11,4,2022
20221110,2022-11-10,Thursday,November,Nov,11,4,2022
20221111,2022-11-11,Friday,November,Nov,11,4,2022
20221112,2022-11-12,Saturday,November,Nov,11,4,2022
20221113,2022-11-13,Sunday,November,Nov,11,4,2022
20221114,2022-11-14,Monday,November,Nov,11,4,2022
20221115,2022-11-15,Tuesday,November,Nov,11,4,2022
20221116,2022-11-16,Wednesday,November,Nov,11,4,2022
20221117,2022-11-17,Thursday,November,Nov,11,4,2022
20221118,2022-11-18,Friday,November,Nov,11,4,2022
20221119,2022-11-19,Saturday,November,Nov,11,4,2022
20221120,2022-11-20,Sunday,November,Nov,11,4,2022
20221121,2022-11-21,Monday,November,Nov,11,4,2022
20221122,2022-11-22,Tuesday,November,Nov,11,4,2022
20221123,2022-11-23,Wednesday,November,Nov,11,4,2022
20221124,2022-11-24,Thursday,November,Nov,11,4,2022
20221125,2022-11-25,Friday,November,Nov,11,4,2022
20221126,2022-11-26,Saturday,November,Nov,11,4,2022
20221127,2022-11-27,Sunday,November,Nov,11,4,2022
20221128,2022-11-28,Monday,November,Nov,11,4,2022
20221129,2022-11-29,Tuesday,November,Nov,11,4,2022
20221130,2022-11-30,Wednesday,November,Nov,11,4,2022
20221201,2022-12-01,Thursday,December,Dec,12,4,2022
20221202,2022-12-02,Friday,December,Dec,12,4,2022
20221203,2022-12-03,Saturday,December,Dec,12,4,2022
20221204,2022-12-04,Sunday,December,Dec,12,4,2022
20221205,2022-12-05,Monday,December,Dec,12,4,2022
20221206,2022-12-06,Tuesday,December,Dec,12,4,2022
20221207,2022-12-07,Wednesday,December,Dec,12,4,2022
20221208,2022-12-08,Thursday,December,Dec,12,4,2022
20221209,2022-12-09,Friday,December,Dec,12,4,2022
20221210,2022-12-10,Saturday,December,Dec,12,4,2022
20221211,2022-12-11,Sunday,December,Dec,12,4,2022
20221212,2022-12-12,Monday,December,Dec,12,4,2022
20221213,2022-12-13,Tuesday,December,Dec,12,4,2022
20221214,2022-12-14,Wednesday,December,Dec,12,4,2022
20221215,2022-12-15,Thursday,December,Dec,12,4,2022
20221216,2022-12-16,Friday,December,Dec,12,4,2022
20221217,2022-12-17,Saturday,December,Dec,12,4,2022
20221218,2022-12-18,Sunday,December,Dec,12,4,2022
20221219,2022-12-19,Monday,December,Dec,12,4,2022
20221220,2022-12-20,Tuesday,December,Dec,12,4,2022
20221221,2022-12-21,Wednesday,December,Dec,12,4,2022
20221222,2022-12-22,Thursday,December,Dec,12,4,2022
20221223,2022-12-23,Friday,December,Dec,12,4,2022
20221224,2022-12-24,Saturday,December,Dec,12,4,2022
20221225,2022-12-25,Sunday,December,Dec,12,4,2022
20221226,2022-12-26,Monday,December,Dec,12,4,2022
20221227,2022-12-27,Tuesday,December,Dec,12,4,2022
20221228,2022-12-28,Wednesday,December,Dec,12,4,2022
20221229,2022-12-29,Thursday,December,Dec,12,4,2022
20221230,2022-12-30,Friday,December,Dec,12,4,2022
20221231,2022-12-31,Saturday,December,Dec,12,4,2022
